{"cameraMode":{"drawMode":0,"name":"Shaded","section":"Shading Mode"},"sceneLighting":true,"audioPlay":false,"sceneViewState":{"showFog":true,"showMaterialUpdate":true,"showSkybox":true,"showFlares":true,"showImageEffects":true,"showParticleSystems":true},"in2DMode":false,"pivot":{"x":-105.351318359375,"y":43.456451416015628,"z":1.9807395935058594},"rotation":{"x":-0.28347137570381167,"y":-0.676527202129364,"z":0.32144877314567568,"w":-0.599281370639801},"size":236.74069213867188,"orthographic":false}