{"cameraMode":{"drawMode":0,"name":"Shaded","section":"Shading Mode"},"sceneLighting":false,"audioPlay":false,"sceneViewState":{"showFog":true,"showMaterialUpdate":true,"showSkybox":false,"showFlares":true,"showImageEffects":true,"showParticleSystems":true},"in2DMode":false,"pivot":{"x":-0.4235613942146301,"y":0.1810046285390854,"z":-0.13849645853042603},"rotation":{"x":-0.290204793214798,"y":0.6877464056015015,"z":-0.3540404736995697,"w":-0.5634238123893738},"size":0.547490119934082,"orthographic":false}