{"cameraMode":{"drawMode":0,"name":"Shaded","section":"Shading Mode"},"sceneLighting":false,"audioPlay":false,"sceneViewState":{"showFog":true,"showMaterialUpdate":true,"showSkybox":true,"showFlares":true,"showImageEffects":true,"showParticleSystems":true},"in2DMode":false,"pivot":{"x":-191.04708862304688,"y":-176.42788696289063,"z":2.3254623413085939},"rotation":{"x":-0.20122461020946504,"y":-0.7963148951530457,"z":0.4384714365005493,"w":-0.36505934596061709},"size":100.97004699707031,"orthographic":false}