{"cameraMode":{"drawMode":0,"name":"Shaded","section":"Shading Mode"},"sceneLighting":true,"audioPlay":false,"sceneViewState":{"showFog":true,"showMaterialUpdate":true,"showSkybox":true,"showFlares":true,"showImageEffects":true,"showParticleSystems":true},"in2DMode":false,"pivot":{"x":-256.1293640136719,"y":-34.03602981567383,"z":127.76697540283203},"rotation":{"x":-0.47769659757614138,"y":-0.11518442630767822,"z":0.06432803720235825,"w":-0.8688570857048035},"size":5.092724323272705,"orthographic":false}