{"cameraMode":{"drawMode":0,"name":"Shaded","section":"Shading Mode"},"sceneLighting":false,"audioPlay":false,"sceneViewState":{"showFog":true,"showMaterialUpdate":true,"showSkybox":false,"showFlares":true,"showImageEffects":true,"showParticleSystems":true},"in2DMode":false,"pivot":{"x":-270.9002380371094,"y":3.6115963459014894,"z":54.33435821533203},"rotation":{"x":-0.1315404772758484,"y":0.8250347375869751,"z":-0.2142057716846466,"w":-0.5061260461807251},"size":0.8927246928215027,"orthographic":false}