{"cameraMode":{"drawMode":0,"name":"Shaded","section":"Shading Mode"},"sceneLighting":false,"audioPlay":false,"sceneViewState":{"showFog":true,"showMaterialUpdate":true,"showSkybox":true,"showFlares":true,"showImageEffects":true,"showParticleSystems":true},"in2DMode":false,"pivot":{"x":-254.2403106689453,"y":-36.63690185546875,"z":126.64041137695313},"rotation":{"x":-0.10884369164705277,"y":-0.6355671882629395,"z":0.09174404293298722,"w":-0.7591045498847961},"size":11.550949096679688,"orthographic":false}