{"cameraMode":{"drawMode":0,"name":"Shaded","section":"Shading Mode"},"sceneLighting":false,"audioPlay":false,"sceneViewState":{"showFog":true,"showMaterialUpdate":true,"showSkybox":false,"showFlares":true,"showImageEffects":true,"showParticleSystems":true},"in2DMode":false,"pivot":{"x":-0.026000022888183595,"y":0.7999999523162842,"z":-0.03600001335144043},"rotation":{"x":-0.1140611469745636,"y":0.0005933631327934563,"z":-0.00006804078293498605,"w":-0.9934746623039246},"size":0.7178403735160828,"orthographic":false}