{"cameraMode":{"drawMode":0,"name":"Shaded","section":"Shading Mode"},"sceneLighting":false,"audioPlay":false,"sceneViewState":{"showFog":true,"showMaterialUpdate":true,"showSkybox":true,"showFlares":true,"showImageEffects":true,"showParticleSystems":true},"in2DMode":false,"pivot":{"x":-274.2961730957031,"y":-22.95122528076172,"z":31.54899024963379},"rotation":{"x":-0.19797684252262116,"y":-0.6074939370155335,"z":0.16006766259670258,"w":-0.7525492310523987},"size":19.774538040161134,"orthographic":false}