{"cameraMode":{"drawMode":0,"name":"Shaded","section":"Shading Mode"},"sceneLighting":false,"audioPlay":false,"sceneViewState":{"showFog":true,"showMaterialUpdate":true,"showSkybox":false,"showFlares":true,"showImageEffects":true,"showParticleSystems":true},"in2DMode":false,"pivot":{"x":9.313225746154785e-9,"y":-0.0000013560056686401368,"z":0.04473745450377464},"rotation":{"x":-0.10166879743337631,"y":0.8084707260131836,"z":-0.14598798751831056,"w":-0.5614354014396668},"size":1.626962423324585,"orthographic":false}