{"cameraMode":{"drawMode":0,"name":"Shaded","section":"Shading Mode"},"sceneLighting":false,"audioPlay":false,"sceneViewState":{"showFog":true,"showMaterialUpdate":true,"showSkybox":true,"showFlares":true,"showImageEffects":true,"showParticleSystems":true},"in2DMode":false,"pivot":{"x":-201.26600646972657,"y":-181.66162109375,"z":-97.20472717285156},"rotation":{"x":-0.2886698544025421,"y":-0.7086360454559326,"z":0.4154736399650574,"w":-0.49195611476898196},"size":116.65172576904297,"orthographic":false}